Phase,Phase Name,Work ID,Work Name,Sub-Work ID,Task Description,Deliverable to Client,Tools / Platforms,Est. Hours,Timeline,Priority,Status,Planned Start,Planned End,% Complete,Assigned To,Client Approval,Evidence / Proof Link,Remarks
1,Business Understanding & Entity Strategy,1.1,Business Discovery Session,1.1.1,Document business name & legal entity,Business profile sheet,"Notion / Google Doc",1,Day 1,High,Not Started,,,,0%,,Pending,,
1,Business Understanding & Entity Strategy,1.1,Business Discovery Session,1.1.2,Capture services / products list with descriptions,Service catalogue,"Google Doc",1,Day 1,High,Not Started,,,,0%,,Pending,,
1,Business Understanding & Entity Strategy,1.1,Business Discovery Session,1.1.3,Define target locations & service area (radius / cities),Service area map,"Google Maps",0.5,Day 1,High,Not Started,,,,0%,,Pending,,
1,Business Understanding & Entity Strategy,1.1,Business Discovery Session,1.1.4,Build Ideal Customer Profile (ICP) & demographics,ICP document,"Google Doc",1.5,Day 1,High,Not Started,,,,0%,,Pending,,
1,Business Understanding & Entity Strategy,1.1,Business Discovery Session,1.1.5,Identify top 3 customer pain points & jobs-to-be-done,Pain-point matrix,"Google Doc",1,Day 1-2,High,Not Started,,,,0%,,Pending,,
1,Business Understanding & Entity Strategy,1.1,Business Discovery Session,1.1.6,Document Unique Value Proposition (UVP) & differentiators,UVP statement,"Google Doc",1,Day 2,High,Not Started,,,,0%,,Pending,,
1,Business Understanding & Entity Strategy,1.1,Business Discovery Session,1.1.7,Capture pricing model & business goals (lead targets / revenue),Goals & KPIs sheet,"Google Sheet",1,Day 2,High,Not Started,,,,0%,,Pending,,
1,Business Understanding & Entity Strategy,1.2,Entity & Topical Authority Strategy,1.2.1,Define topics Google should associate with the brand,Topic map,"Google Doc",1,Day 2,High,Not Started,,,,0%,,Pending,,
1,Business Understanding & Entity Strategy,1.2,Entity & Topical Authority Strategy,1.2.2,Define topical authority pillars (4-6 pillars),Pillar plan,"Mind map / Whimsical",1.5,Day 2,High,Not Started,,,,0%,,Pending,,
1,Business Understanding & Entity Strategy,1.2,Entity & Topical Authority Strategy,1.2.3,Plan conversational & AI search opportunities,AI opportunity list,"ChatGPT / Gemini",1,Day 2-3,High,Not Started,,,,0%,,Pending,,
1,Business Understanding & Entity Strategy,1.2,Entity & Topical Authority Strategy,1.2.4,Document brand entity signals (Wikipedia / Wikidata / Crunchbase eligibility),Entity readiness report,"Google Doc",1,Day 3,Medium,Not Started,,,,0%,,Pending,,
1,Business Understanding & Entity Strategy,1.3,Stakeholder & Access Setup,1.3.1,Collect access (domain registrar / hosting / CMS / GA / GSC / GMB / Ads),Access checklist signed,"1Password / LastPass",1,Day 3,High,Not Started,,,,0%,,Pending,,
1,Business Understanding & Entity Strategy,1.3,Stakeholder & Access Setup,1.3.2,Set up shared project workspace & comms channel,Workspace invite,"Slack / ClickUp / Trello",0.5,Day 3,Medium,Not Started,,,,0%,,Pending,,
2,Competitor Research,2.1,Competitor Discovery,2.1.1,Identify 5-7 local SERP competitors for primary keywords,Competitor list,"Google Search / Maps",1,Day 4,High,Not Started,,,,0%,,Pending,,
2,Competitor Research,2.1,Competitor Discovery,2.1.2,Identify 3-5 semantic competitors (topic-level),Semantic competitor list,"Ahrefs / SEMrush",1,Day 4,High,Not Started,,,,0%,,Pending,,
2,Competitor Research,2.1,Competitor Discovery,2.1.3,Identify AI-visible competitors (cited in ChatGPT / Perplexity / Gemini / AI Overview),AI competitor list,"ChatGPT / Perplexity / Gemini",1.5,Day 4,High,Not Started,,,,0%,,Pending,,
2,Competitor Research,2.1,Competitor Discovery,2.1.4,Identify content competitors (blog / YouTube / Reddit / Quora),Content competitor list,"Google / YouTube / Reddit",1,Day 4-5,Medium,Not Started,,,,0%,,Pending,,
2,Competitor Research,2.2,Competitor Deep-Dive,2.2.1,Audit competitor site structure (nav / services / categories),Structure comparison,"Screaming Frog",1,Day 5,High,Not Started,,,,0%,,Pending,,
2,Competitor Research,2.2,Competitor Deep-Dive,2.2.2,Map competitor primary / secondary / informational keywords,Keyword gap report,"Ahrefs / SEMrush",2,Day 5,High,Not Started,,,,0%,,Pending,,
2,Competitor Research,2.2,Competitor Deep-Dive,2.2.3,Audit competitor topical authority (blog depth / FAQ / hubs),Authority benchmark,"Manual review",1.5,Day 5-6,High,Not Started,,,,0%,,Pending,,
2,Competitor Research,2.2,Competitor Deep-Dive,2.2.4,Audit competitor backlinks (authority / citations / local mentions),Backlink gap report,"Ahrefs",1.5,Day 6,High,Not Started,,,,0%,,Pending,,
2,Competitor Research,2.2,Competitor Deep-Dive,2.2.5,Audit AI visibility (snippets / AI Overviews / conversational rankings),AI visibility report,"Google / Perplexity",1,Day 6,High,Not Started,,,,0%,,Pending,,
2,Competitor Research,2.2,Competitor Deep-Dive,2.2.6,Audit competitor reviews (count / rating / response rate),Review benchmark,"Google / Yelp",0.5,Day 6,Medium,Not Started,,,,0%,,Pending,,
2,Competitor Research,2.2,Competitor Deep-Dive,2.2.7,Audit competitor paid ads presence,Ads intel,"Google Ads Library / Meta Ads Library",1,Day 6,Medium,Not Started,,,,0%,,Pending,,
2,Competitor Research,2.3,Opportunity Mapping,2.3.1,Compile gaps & quick-win opportunities,Opportunity matrix,"Google Sheet",1,Day 7,High,Not Started,,,,0%,,Pending,,
2,Competitor Research,2.3,Opportunity Mapping,2.3.2,Score opportunities by effort vs impact,Prioritised roadmap,"Google Sheet",0.5,Day 7,High,Not Started,,,,0%,,Pending,,
3,Keyword Research,3.1,Keyword Discovery,3.1.1,Build seed keyword list (services / products),Seed list,"Google Doc",1,Day 8,High,Not Started,,,,0%,,Pending,,
3,Keyword Research,3.1,Keyword Discovery,3.1.2,Expand commercial / transactional keywords,Commercial KW list,"Ahrefs / SEMrush / KW Planner",2,Day 8,High,Not Started,,,,0%,,Pending,,
3,Keyword Research,3.1,Keyword Discovery,3.1.3,Expand informational / how-to keywords,Informational KW list,"Answer The Public / People Also Ask",1.5,Day 8,High,Not Started,,,,0%,,Pending,,
3,Keyword Research,3.1,Keyword Discovery,3.1.4,Expand conversational / question-based keywords,Conversational KW list,"AlsoAsked / ChatGPT",1.5,Day 8-9,High,Not Started,,,,0%,,Pending,,
3,Keyword Research,3.1,Keyword Discovery,3.1.5,Build AI-search keyword set (best / vs / near me / cheapest etc),AI search KW list,"ChatGPT / Perplexity",1,Day 9,High,Not Started,,,,0%,,Pending,,
3,Keyword Research,3.1,Keyword Discovery,3.1.6,Expand local / geo-modified keywords (city / suburb / neighbourhood),Local KW list,"Google Autosuggest",1,Day 9,High,Not Started,,,,0%,,Pending,,
3,Keyword Research,3.1,Keyword Discovery,3.1.7,Identify branded & competitor-branded keywords,Branded KW list,"Google Search Console",0.5,Day 9,Medium,Not Started,,,,0%,,Pending,,
3,Keyword Research,3.1,Keyword Discovery,3.1.8,Identify seasonal / trending keywords,Seasonal KW list,"Google Trends",0.5,Day 9,Medium,Not Started,,,,0%,,Pending,,
3,Keyword Research,3.2,Keyword Analysis & Mapping,3.2.1,Score keywords by volume / difficulty / intent,Keyword master sheet,"Google Sheet",2,Day 10,High,Not Started,,,,0%,,Pending,,
3,Keyword Research,3.2,Keyword Analysis & Mapping,3.2.2,Cluster keywords into topics & semantic groups,Cluster map,"Keyword Insights / SEMrush",1.5,Day 10,High,Not Started,,,,0%,,Pending,,
3,Keyword Research,3.2,Keyword Analysis & Mapping,3.2.3,Map clusters to existing / planned URLs,URL-keyword map,"Google Sheet",1,Day 10,High,Not Started,,,,0%,,Pending,,
3,Keyword Research,3.2,Keyword Analysis & Mapping,3.2.4,Tag quick-win vs long-term keywords,Prioritised KW list,"Google Sheet",0.5,Day 10,High,Not Started,,,,0%,,Pending,,
4,Website Structure Planning,4.1,Information Architecture,4.1.1,Design site map (home / services / locations / blog / about / contact),Sitemap diagram,"Whimsical / FigJam",2,Day 11,High,Not Started,,,,0%,,Pending,,
4,Website Structure Planning,4.1,Information Architecture,4.1.2,Define URL pattern / slug rules,URL convention doc,"Google Doc",0.5,Day 11,High,Not Started,,,,0%,,Pending,,
4,Website Structure Planning,4.1,Information Architecture,4.1.3,Plan navigation menu (primary / footer / mobile),Nav spec,"Figma / Doc",1,Day 11,High,Not Started,,,,0%,,Pending,,
4,Website Structure Planning,4.1,Information Architecture,4.1.4,Plan breadcrumb structure,Breadcrumb spec,"Google Doc",0.5,Day 11,Medium,Not Started,,,,0%,,Pending,,
4,Website Structure Planning,4.1,Information Architecture,4.1.5,Plan internal-link silo strategy (pillar -> cluster),Silo diagram,"Whimsical",1.5,Day 12,High,Not Started,,,,0%,,Pending,,
4,Website Structure Planning,4.2,Page Inventory,4.2.1,List all required service pages,Service-page list,"Google Sheet",1,Day 12,High,Not Started,,,,0%,,Pending,,
4,Website Structure Planning,4.2,Page Inventory,4.2.2,List all required location pages,Location-page list,"Google Sheet",1,Day 12,High,Not Started,,,,0%,,Pending,,
4,Website Structure Planning,4.2,Page Inventory,4.2.3,List blog / pillar / cluster pages,Blog inventory,"Google Sheet",1,Day 12,High,Not Started,,,,0%,,Pending,,
4,Website Structure Planning,4.2,Page Inventory,4.2.4,List trust pages (About / Team / Reviews / Case Studies / Press),Trust-page list,"Google Sheet",0.5,Day 12,Medium,Not Started,,,,0%,,Pending,,
4,Website Structure Planning,4.2,Page Inventory,4.2.5,List legal pages (Privacy / Terms / Cookie / Accessibility),Legal-page list,"Google Sheet",0.5,Day 12,High,Not Started,,,,0%,,Pending,,
5,Technical SEO Setup,5.1,Hosting & Security,5.1.1,Verify HTTPS / SSL certificate active across all URLs,SSL pass,"SSL Labs",0.5,Day 13,High,Not Started,,,,0%,,Pending,,
5,Technical SEO Setup,5.1,Hosting & Security,5.1.2,Force HTTP -> HTTPS redirects,Redirect screenshot,"htaccess / Cloudflare",0.5,Day 13,High,Not Started,,,,0%,,Pending,,
5,Technical SEO Setup,5.1,Hosting & Security,5.1.3,Add security headers (CSP / HSTS / X-Frame / X-Content-Type),Security score,"securityheaders.com",1,Day 13,Medium,Not Started,,,,0%,,Pending,,
5,Technical SEO Setup,5.1,Hosting & Security,5.1.4,Configure CDN (Cloudflare / Bunny / Fastly),CDN active,"Cloudflare",1,Day 13,Medium,Not Started,,,,0%,,Pending,,
5,Technical SEO Setup,5.2,Crawlability & Indexation,5.2.1,Create / validate robots.txt,robots.txt live,"CMS",0.5,Day 14,High,Not Started,,,,0%,,Pending,,
5,Technical SEO Setup,5.2,Crawlability & Indexation,5.2.2,Generate XML sitemap (and image / video / news if applicable),sitemap.xml live,"Yoast / RankMath / Sitemap plugin",0.5,Day 14,High,Not Started,,,,0%,,Pending,,
5,Technical SEO Setup,5.2,Crawlability & Indexation,5.2.3,Submit sitemap in Google Search Console & Bing Webmaster,Submission screenshot,"GSC / Bing WMT",0.5,Day 14,High,Not Started,,,,0%,,Pending,,
5,Technical SEO Setup,5.2,Crawlability & Indexation,5.2.4,Configure canonical tags on all pages,Canonical audit,"Screaming Frog",1,Day 14,High,Not Started,,,,0%,,Pending,,
5,Technical SEO Setup,5.2,Crawlability & Indexation,5.2.5,Configure noindex on thin / utility pages,Noindex audit,"Screaming Frog",0.5,Day 14,Medium,Not Started,,,,0%,,Pending,,
5,Technical SEO Setup,5.2,Crawlability & Indexation,5.2.6,Fix crawl errors (404 / soft-404 / redirect chains),Crawl-error report,"GSC / Screaming Frog",2,Day 15,High,Not Started,,,,0%,,Pending,,
5,Technical SEO Setup,5.2,Crawlability & Indexation,5.2.7,Remove duplicate content & set proper canonicals,Dupe-content fix log,"Screaming Frog",1,Day 15,High,Not Started,,,,0%,,Pending,,
5,Technical SEO Setup,5.3,Performance / Core Web Vitals,5.3.1,Baseline LCP / INP / CLS for top 10 templates,Baseline report,"PageSpeed Insights",1,Day 15,High,Not Started,,,,0%,,Pending,,
5,Technical SEO Setup,5.3,Performance / Core Web Vitals,5.3.2,Optimise images (WebP / AVIF / lazy-load / responsive sizes),Image optimisation log,"ShortPixel / Imagify",2,Day 15-16,High,Not Started,,,,0%,,Pending,,
5,Technical SEO Setup,5.3,Performance / Core Web Vitals,5.3.3,Minify & defer CSS / JS,Asset audit,"WP Rocket / Cloudflare",1,Day 16,High,Not Started,,,,0%,,Pending,,
5,Technical SEO Setup,5.3,Performance / Core Web Vitals,5.3.4,Enable caching & GZIP / Brotli compression,Cache test,"Cloudflare / WP Rocket",0.5,Day 16,High,Not Started,,,,0%,,Pending,,
5,Technical SEO Setup,5.3,Performance / Core Web Vitals,5.3.5,Reduce server response time (TTFB < 600ms),TTFB report,"GTmetrix",1,Day 16,High,Not Started,,,,0%,,Pending,,
5,Technical SEO Setup,5.4,Mobile Optimisation,5.4.1,Responsive design QA on iOS / Android viewports,Mobile QA log,"BrowserStack / DevTools",1,Day 16,High,Not Started,,,,0%,,Pending,,
5,Technical SEO Setup,5.4,Mobile Optimisation,5.4.2,Tap-target & font-size validation,Mobile usability pass,"PageSpeed Insights",0.5,Day 16,High,Not Started,,,,0%,,Pending,,
5,Technical SEO Setup,5.4,Mobile Optimisation,5.4.3,Verify mobile-friendly status in GSC,Mobile usability report,"GSC",0.25,Day 17,High,Not Started,,,,0%,,Pending,,
5,Technical SEO Setup,5.5,Schema Markup,5.5.1,Implement Organization schema (JSON-LD),Schema validated,"Schema.org / Rich Results Test",0.5,Day 17,High,Not Started,,,,0%,,Pending,,
5,Technical SEO Setup,5.5,Schema Markup,5.5.2,Implement LocalBusiness schema with full NAP / hours / geo,Schema validated,"Rich Results Test",1,Day 17,High,Not Started,,,,0%,,Pending,,
5,Technical SEO Setup,5.5,Schema Markup,5.5.3,Implement Service schema per service page,Schema validated,"Rich Results Test",1.5,Day 17,High,Not Started,,,,0%,,Pending,,
5,Technical SEO Setup,5.5,Schema Markup,5.5.4,Implement BreadcrumbList schema,Schema validated,"Rich Results Test",0.5,Day 17,Medium,Not Started,,,,0%,,Pending,,
5,Technical SEO Setup,5.5,Schema Markup,5.5.5,Implement FAQPage schema on FAQ blocks,Schema validated,"Rich Results Test",1,Day 18,High,Not Started,,,,0%,,Pending,,
5,Technical SEO Setup,5.5,Schema Markup,5.5.6,Implement Review / AggregateRating schema,Schema validated,"Rich Results Test",0.5,Day 18,Medium,Not Started,,,,0%,,Pending,,
5,Technical SEO Setup,5.5,Schema Markup,5.5.7,Implement Article schema on blog posts,Schema validated,"Rich Results Test",0.5,Day 18,Medium,Not Started,,,,0%,,Pending,,
5,Technical SEO Setup,5.5,Schema Markup,5.5.8,Implement Person schema for authors / founders,Schema validated,"Rich Results Test",0.5,Day 18,Medium,Not Started,,,,0%,,Pending,,
5,Technical SEO Setup,5.6,Tracking & Analytics,5.6.1,Install GA4 with enhanced measurement,GA4 live,"Google Tag Manager",1,Day 18,High,Not Started,,,,0%,,Pending,,
5,Technical SEO Setup,5.6,Tracking & Analytics,5.6.2,Install GTM container,GTM live,"Google Tag Manager",0.5,Day 18,High,Not Started,,,,0%,,Pending,,
5,Technical SEO Setup,5.6,Tracking & Analytics,5.6.3,Set up GSC properties (domain & URL prefix) and verify,GSC verified,"GSC",0.5,Day 18,High,Not Started,,,,0%,,Pending,,
5,Technical SEO Setup,5.6,Tracking & Analytics,5.6.4,Install Bing Webmaster Tools,BWT verified,"BWT",0.25,Day 18,Medium,Not Started,,,,0%,,Pending,,
5,Technical SEO Setup,5.6,Tracking & Analytics,5.6.5,Configure conversion events (call / form / chat / WhatsApp),Conversion config,"GA4 / GTM",1.5,Day 19,High,Not Started,,,,0%,,Pending,,
5,Technical SEO Setup,5.6,Tracking & Analytics,5.6.6,Set up call tracking (CallRail / WhatConverts),Tracking number live,"CallRail",1,Day 19,High,Not Started,,,,0%,,Pending,,
5,Technical SEO Setup,5.6,Tracking & Analytics,5.6.7,Set up Microsoft Clarity / Hotjar for behaviour tracking,Heatmap live,"Microsoft Clarity",0.5,Day 19,Medium,Not Started,,,,0%,,Pending,,
6,On-Page SEO Optimisation,6.1,Homepage,6.1.1,Write SEO title (primary KW + location + brand),Title meta,"CMS",0.25,Day 20,High,Not Started,,,,0%,,Pending,,
6,On-Page SEO Optimisation,6.1,Homepage,6.1.2,Write meta description (CTR-focused 150-160 chars),Meta description,"CMS",0.25,Day 20,High,Not Started,,,,0%,,Pending,,
6,On-Page SEO Optimisation,6.1,Homepage,6.1.3,Write H1 with primary KW + city,H1 live,"CMS",0.25,Day 20,High,Not Started,,,,0%,,Pending,,
6,On-Page SEO Optimisation,6.1,Homepage,6.1.4,Build hero section (UVP + CTA + trust signals),Hero block,"Figma / CMS",1,Day 20,High,Not Started,,,,0%,,Pending,,
6,On-Page SEO Optimisation,6.1,Homepage,6.1.5,Build service overview block (3-6 services with internal links),Service block,"CMS",1,Day 20,High,Not Started,,,,0%,,Pending,,
6,On-Page SEO Optimisation,6.1,Homepage,6.1.6,Build "Why Choose Us" / differentiator block,Block live,"CMS",0.5,Day 20,Medium,Not Started,,,,0%,,Pending,,
6,On-Page SEO Optimisation,6.1,Homepage,6.1.7,Add before/after / portfolio / case-study block,Block live,"CMS",1,Day 20,Medium,Not Started,,,,0%,,Pending,,
6,On-Page SEO Optimisation,6.1,Homepage,6.1.8,Embed reviews / testimonials block,Block live,"Trustindex / CMS",0.5,Day 20,High,Not Started,,,,0%,,Pending,,
6,On-Page SEO Optimisation,6.1,Homepage,6.1.9,Add homepage FAQ section (5-7 questions),FAQ block,"CMS",1,Day 21,High,Not Started,,,,0%,,Pending,,
6,On-Page SEO Optimisation,6.1,Homepage,6.1.10,Add service-area block (cities / suburbs served),Block live,"CMS",0.5,Day 21,High,Not Started,,,,0%,,Pending,,
6,On-Page SEO Optimisation,6.1,Homepage,6.1.11,Add primary CTA / contact block (call / form / book),Block live,"CMS",0.5,Day 21,High,Not Started,,,,0%,,Pending,,
6,On-Page SEO Optimisation,6.2,Service Pages,6.2.1,Write 800-1200 words per service page,Page copy,"Google Doc",6,Day 21-23,High,Not Started,,,,0%,,Pending,,
6,On-Page SEO Optimisation,6.2,Service Pages,6.2.2,Add process / how-it-works section,Section live,"CMS",1,Day 23,High,Not Started,,,,0%,,Pending,,
6,On-Page SEO Optimisation,6.2,Service Pages,6.2.3,Add benefits & trust signals (certifications / guarantees),Section live,"CMS",1,Day 23,High,Not Started,,,,0%,,Pending,,
6,On-Page SEO Optimisation,6.2,Service Pages,6.2.4,Add pricing / packages block (where applicable),Section live,"CMS",1,Day 23,Medium,Not Started,,,,0%,,Pending,,
6,On-Page SEO Optimisation,6.2,Service Pages,6.2.5,Add before/after gallery,Gallery live,"CMS",1,Day 24,Medium,Not Started,,,,0%,,Pending,,
6,On-Page SEO Optimisation,6.2,Service Pages,6.2.6,Add 5-8 service-specific FAQs,FAQ block,"CMS",1.5,Day 24,High,Not Started,,,,0%,,Pending,,
6,On-Page SEO Optimisation,6.2,Service Pages,6.2.7,Internal-link to related services / cities / blog,Internal-link audit,"Screaming Frog",1,Day 24,High,Not Started,,,,0%,,Pending,,
6,On-Page SEO Optimisation,6.2,Service Pages,6.2.8,Add image alt text (descriptive + KW where natural),Alt-text audit,"CMS",1,Day 24,High,Not Started,,,,0%,,Pending,,
6,On-Page SEO Optimisation,6.3,Location Pages,6.3.1,Write 600-900 words per city / suburb page,Page copy,"Google Doc",4,Day 25-26,High,Not Started,,,,0%,,Pending,,
6,On-Page SEO Optimisation,6.3,Location Pages,6.3.2,Add embedded Google Map of service area,Map embed,"CMS",0.5,Day 26,High,Not Started,,,,0%,,Pending,,
6,On-Page SEO Optimisation,6.3,Location Pages,6.3.3,Reference local landmarks / neighbourhoods,Local relevance copy,"Google Doc",1,Day 26,Medium,Not Started,,,,0%,,Pending,,
6,On-Page SEO Optimisation,6.3,Location Pages,6.3.4,Add city-specific testimonials / case studies,Block live,"CMS",1,Day 26,Medium,Not Started,,,,0%,,Pending,,
6,On-Page SEO Optimisation,6.4,About / Trust Pages,6.4.1,Write founder / team bios with E-E-A-T signals,About copy,"Google Doc",1.5,Day 27,High,Not Started,,,,0%,,Pending,,
6,On-Page SEO Optimisation,6.4,About / Trust Pages,6.4.2,Add credentials / awards / press mentions,Trust block,"CMS",1,Day 27,High,Not Started,,,,0%,,Pending,,
6,On-Page SEO Optimisation,6.4,About / Trust Pages,6.4.3,Build Reviews / Testimonials hub page,Page live,"CMS",1.5,Day 27,Medium,Not Started,,,,0%,,Pending,,
6,On-Page SEO Optimisation,6.4,About / Trust Pages,6.4.4,Build Case Studies / Portfolio page,Page live,"CMS",2,Day 27-28,Medium,Not Started,,,,0%,,Pending,,
6,On-Page SEO Optimisation,6.5,Contact Page,6.5.1,Add NAP (Name / Address / Phone) consistent with GMB,Contact block,"CMS",0.5,Day 28,High,Not Started,,,,0%,,Pending,,
6,On-Page SEO Optimisation,6.5,Contact Page,6.5.2,Embed Google Map + driving directions,Map block,"CMS",0.25,Day 28,High,Not Started,,,,0%,,Pending,,
6,On-Page SEO Optimisation,6.5,Contact Page,6.5.3,Add multi-channel contact (phone / WhatsApp / email / form),Contact block,"CMS",0.5,Day 28,High,Not Started,,,,0%,,Pending,,
6,On-Page SEO Optimisation,6.5,Contact Page,6.5.4,Add business hours & response-time SLA,Block live,"CMS",0.25,Day 28,Medium,Not Started,,,,0%,,Pending,,
7,Google Business Profile (GMB) Setup,7.1,GMB Account & Verification,7.1.1,Create / claim GMB profile,Profile claimed,"business.google.com",1,Day 29,High,Not Started,,,,0%,,Pending,,
7,Google Business Profile (GMB) Setup,7.1,GMB Account & Verification,7.1.2,Verify business (postcard / phone / video),Verified badge,"GMB",1,Day 29-32,High,Not Started,,,,0%,,Pending,,
7,Google Business Profile (GMB) Setup,7.1,GMB Account & Verification,7.1.3,Add owners / managers with correct roles,User access,"GMB",0.25,Day 32,High,Not Started,,,,0%,,Pending,,
7,Google Business Profile (GMB) Setup,7.2,Profile Completion,7.2.1,Set business name (exact match with website / NAP),Field complete,"GMB",0.25,Day 32,High,Not Started,,,,0%,,Pending,,
7,Google Business Profile (GMB) Setup,7.2,Profile Completion,7.2.2,Pick optimal primary category,Field complete,"GMB",0.5,Day 32,High,Not Started,,,,0%,,Pending,,
7,Google Business Profile (GMB) Setup,7.2,Profile Completion,7.2.3,Add up to 9 secondary categories,Field complete,"GMB",0.5,Day 32,High,Not Started,,,,0%,,Pending,,
7,Google Business Profile (GMB) Setup,7.2,Profile Completion,7.2.4,Add full address / service-area radius,Field complete,"GMB",0.5,Day 32,High,Not Started,,,,0%,,Pending,,
7,Google Business Profile (GMB) Setup,7.2,Profile Completion,7.2.5,Add phone number (local / tracked),Field complete,"GMB",0.25,Day 32,High,Not Started,,,,0%,,Pending,,
7,Google Business Profile (GMB) Setup,7.2,Profile Completion,7.2.6,Add website URL (UTM tagged),Field complete,"GMB",0.25,Day 32,High,Not Started,,,,0%,,Pending,,
7,Google Business Profile (GMB) Setup,7.2,Profile Completion,7.2.7,Write keyword-rich business description (750 chars),Description live,"GMB",1,Day 32,High,Not Started,,,,0%,,Pending,,
7,Google Business Profile (GMB) Setup,7.2,Profile Completion,7.2.8,Set business hours (incl. holiday hours),Field complete,"GMB",0.5,Day 32,High,Not Started,,,,0%,,Pending,,
7,Google Business Profile (GMB) Setup,7.2,Profile Completion,7.2.9,Add services with descriptions & prices,Services live,"GMB",2,Day 33,High,Not Started,,,,0%,,Pending,,
7,Google Business Profile (GMB) Setup,7.2,Profile Completion,7.2.10,Add products (where applicable),Products live,"GMB",1,Day 33,Medium,Not Started,,,,0%,,Pending,,
7,Google Business Profile (GMB) Setup,7.2,Profile Completion,7.2.11,Set attributes (women-owned / wheelchair access etc),Attributes set,"GMB",0.5,Day 33,Medium,Not Started,,,,0%,,Pending,,
7,Google Business Profile (GMB) Setup,7.3,Visual Content,7.3.1,Upload exterior / interior / team / product photos (12-18),Photos live,"GMB",2,Day 33,High,Not Started,,,,0%,,Pending,,
7,Google Business Profile (GMB) Setup,7.3,Visual Content,7.3.2,Upload geo-tagged before / after photos,Photos live,"GeoImgr",1.5,Day 33,Medium,Not Started,,,,0%,,Pending,,
7,Google Business Profile (GMB) Setup,7.3,Visual Content,7.3.3,Upload 30s introduction video,Video live,"GMB",1,Day 34,Medium,Not Started,,,,0%,,Pending,,
7,Google Business Profile (GMB) Setup,7.3,Visual Content,7.3.4,Set logo & cover photo,Branding set,"GMB",0.25,Day 34,High,Not Started,,,,0%,,Pending,,
7,Google Business Profile (GMB) Setup,7.4,Posts / Q&A / Messaging,7.4.1,Write 4-6 launch GMB posts (offers / news / events),Posts live,"GMB",1.5,Day 34,High,Not Started,,,,0%,,Pending,,
7,Google Business Profile (GMB) Setup,7.4,Posts / Q&A / Messaging,7.4.2,Set ongoing posting cadence (2x / week),Calendar live,"Buffer / Publer",0.5,Day 34,High,Not Started,,,,0%,,Pending,,
7,Google Business Profile (GMB) Setup,7.4,Posts / Q&A / Messaging,7.4.3,Pre-populate 10-15 Q&A entries,Q&A live,"GMB",1.5,Day 34,High,Not Started,,,,0%,,Pending,,
7,Google Business Profile (GMB) Setup,7.4,Posts / Q&A / Messaging,7.4.4,Enable GMB messaging + auto-reply,Messaging on,"GMB",0.5,Day 34,High,Not Started,,,,0%,,Pending,,
7,Google Business Profile (GMB) Setup,7.4,Posts / Q&A / Messaging,7.4.5,Enable booking integration (where eligible),Booking live,"Reserve with Google",1,Day 35,Medium,Not Started,,,,0%,,Pending,,
7,Google Business Profile (GMB) Setup,7.5,Reviews,7.5.1,Set up review-request system (email / SMS / QR),System live,"NiceJob / GatherUp",1.5,Day 35,High,Not Started,,,,0%,,Pending,,
7,Google Business Profile (GMB) Setup,7.5,Reviews,7.5.2,Create response templates (positive / neutral / negative),Templates ready,"Google Doc",1,Day 35,High,Not Started,,,,0%,,Pending,,
7,Google Business Profile (GMB) Setup,7.5,Reviews,7.5.3,Seed first 5-10 reviews from existing customers,5+ reviews,"GMB",1,Day 35,High,Not Started,,,,0%,,Pending,,
7,Google Business Profile (GMB) Setup,7.5,Reviews,7.5.4,Set 24-48h response SLA,SLA documented,"Google Doc",0.25,Day 35,High,Not Started,,,,0%,,Pending,,
7,Google Business Profile (GMB) Setup,7.6,Performance Baseline,7.6.1,Screenshot baseline GMB Insights metrics,Baseline report,"GMB Insights",0.5,Day 35,High,Not Started,,,,0%,,Pending,,
7,Google Business Profile (GMB) Setup,7.6,Performance Baseline,7.6.2,Build monthly GMB tracking sheet,Sheet live,"Google Sheet",0.5,Day 35,High,Not Started,,,,0%,,Pending,,
8,Content Strategy & Creation,8.1,Content Strategy,8.1.1,Define 4-6 content pillars,Pillar plan,"Google Doc",2,Day 36,High,Not Started,,,,0%,,Pending,,
8,Content Strategy & Creation,8.1,Content Strategy,8.1.2,Build 12-month editorial calendar,Calendar live,"Notion / Trello",2,Day 36,High,Not Started,,,,0%,,Pending,,
8,Content Strategy & Creation,8.1,Content Strategy,8.1.3,Create brand voice / style guide,Style guide,"Google Doc",1.5,Day 36,Medium,Not Started,,,,0%,,Pending,,
8,Content Strategy & Creation,8.2,Pillar & Cluster Content,8.2.1,Write 1 pillar page per topic (2500+ words),Pillar pages live,"Google Doc / CMS",10,Day 37-42,High,Not Started,,,,0%,,Pending,,
8,Content Strategy & Creation,8.2,Pillar & Cluster Content,8.2.2,Write 6-10 cluster blog posts (1500+ words each),Posts live,"Google Doc / CMS",20,Day 37-50,High,Not Started,,,,0%,,Pending,,
8,Content Strategy & Creation,8.2,Pillar & Cluster Content,8.2.3,Add internal links cluster -> pillar -> service,Internal links live,"Screaming Frog",2,Day 50,High,Not Started,,,,0%,,Pending,,
8,Content Strategy & Creation,8.3,FAQ & Glossary,8.3.1,Build dedicated FAQ page with categories,FAQ page,"CMS",2,Day 50-51,High,Not Started,,,,0%,,Pending,,
8,Content Strategy & Creation,8.3,FAQ & Glossary,8.3.2,Build glossary / definitions page,Glossary live,"CMS",2,Day 51,Medium,Not Started,,,,0%,,Pending,,
8,Content Strategy & Creation,8.4,Visual & Multimedia,8.4.1,Produce custom images / illustrations per post,Image library,"Canva / Figma",3,Day 51-52,Medium,Not Started,,,,0%,,Pending,,
8,Content Strategy & Creation,8.4,Visual & Multimedia,8.4.2,Produce short videos / Reels / Shorts,Videos live,"CapCut / Descript",4,Day 52-53,Medium,Not Started,,,,0%,,Pending,,
8,Content Strategy & Creation,8.4,Visual & Multimedia,8.4.3,Produce infographics for top posts,Infographics live,"Canva",2,Day 53,Low,Not Started,,,,0%,,Pending,,
8,Content Strategy & Creation,8.5,Content QA & Publishing,8.5.1,Editorial QA (grammar / facts / brand voice),QA log,"Grammarly / Hemingway",2,Day 53,High,Not Started,,,,0%,,Pending,,
8,Content Strategy & Creation,8.5,Content QA & Publishing,8.5.2,SEO QA (KW / meta / headings / internal links / schema),QA checklist,"SurferSEO / Frase",2,Day 54,High,Not Started,,,,0%,,Pending,,
8,Content Strategy & Creation,8.5,Content QA & Publishing,8.5.3,Publish + request indexing in GSC,Indexed pages,"GSC",1,Day 54,High,Not Started,,,,0%,,Pending,,
9,Local SEO & Citations,9.1,NAP Audit,9.1.1,Audit existing citations for NAP consistency,Audit report,"BrightLocal / Yext",2,Day 55,High,Not Started,,,,0%,,Pending,,
9,Local SEO & Citations,9.1,NAP Audit,9.1.2,Lock in canonical NAP (exact format),NAP standard,"Google Doc",0.5,Day 55,High,Not Started,,,,0%,,Pending,,
9,Local SEO & Citations,9.1,NAP Audit,9.1.3,Fix NAP mismatches across web,Fix log,"BrightLocal",2,Day 55-56,High,Not Started,,,,0%,,Pending,,
9,Local SEO & Citations,9.2,Tier-1 Citations,9.2.1,Apple Business Connect listing,Live listing,"Apple Business Connect",0.5,Day 56,High,Not Started,,,,0%,,Pending,,
9,Local SEO & Citations,9.2,Tier-1 Citations,9.2.2,Bing Places for Business listing,Live listing,"Bing Places",0.5,Day 56,High,Not Started,,,,0%,,Pending,,
9,Local SEO & Citations,9.2,Tier-1 Citations,9.2.3,Yelp for Business profile,Live listing,"Yelp",0.5,Day 56,High,Not Started,,,,0%,,Pending,,
9,Local SEO & Citations,9.2,Tier-1 Citations,9.2.4,Better Business Bureau (BBB),Live listing,"BBB",0.5,Day 56,Medium,Not Started,,,,0%,,Pending,,
9,Local SEO & Citations,9.2,Tier-1 Citations,9.2.5,Yellow Pages / industry equivalent,Live listing,"Yellow Pages",0.5,Day 56,Medium,Not Started,,,,0%,,Pending,,
9,Local SEO & Citations,9.2,Tier-1 Citations,9.2.6,Foursquare / TomTom data feed,Live listing,"Foursquare",0.5,Day 57,Medium,Not Started,,,,0%,,Pending,,
9,Local SEO & Citations,9.2,Tier-1 Citations,9.2.7,Local chamber of commerce membership / listing,Live listing,"Chamber site",1,Day 57,Medium,Not Started,,,,0%,,Pending,,
9,Local SEO & Citations,9.3,Industry-Specific Directories,9.3.1,List on top 5 industry-specific directories,5 listings live,"Manual",2,Day 57,High,Not Started,,,,0%,,Pending,,
9,Local SEO & Citations,9.3,Industry-Specific Directories,9.3.2,List on professional / trade-association sites,Listings live,"Manual",2,Day 57-58,Medium,Not Started,,,,0%,,Pending,,
9,Local SEO & Citations,9.4,Bulk Citations,9.4.1,Submit to 50-100 general directories,Submission log,"BrightLocal / WhiteSpark",4,Day 58-60,Medium,Not Started,,,,0%,,Pending,,
9,Local SEO & Citations,9.4,Bulk Citations,9.4.2,Verify listings go live within 4 weeks,Verification log,"BrightLocal",1,Day 60,Medium,Not Started,,,,0%,,Pending,,
9,Local SEO & Citations,9.5,Local Link Building,9.5.1,Build resource page on site (linkable asset),Page live,"CMS",2,Day 60,Medium,Not Started,,,,0%,,Pending,,
9,Local SEO & Citations,9.5,Local Link Building,9.5.2,Outreach to local news / blogs / community sites,Outreach log,"Hunter.io / Pitchbox",4,Day 60-65,High,Not Started,,,,0%,,Pending,,
9,Local SEO & Citations,9.5,Local Link Building,9.5.3,Sponsor local events / charities for backlink + brand,Sponsorship live,"Manual",2,Day 65,Medium,Not Started,,,,0%,,Pending,,
9,Local SEO & Citations,9.5,Local Link Building,9.5.4,Guest-post on 2-3 local authority blogs,Posts live,"Pitchbox",6,Day 65-70,Medium,Not Started,,,,0%,,Pending,,
9,Local SEO & Citations,9.5,Local Link Building,9.5.5,Submit to "best of" / local round-up lists,Listings live,"Manual",2,Day 65-70,Medium,Not Started,,,,0%,,Pending,,
9,Local SEO & Citations,9.5,Local Link Building,9.5.6,HARO / Qwoted / Connectively responses,Mentions live,"Connectively",2,Ongoing,Medium,Not Started,,,,0%,,Pending,,
10,AI Search Optimisation (AEO / GEO),10.1,AI Visibility Baseline,10.1.1,Test brand / service queries on ChatGPT,Baseline screenshots,"ChatGPT",1,Day 71,High,Not Started,,,,0%,,Pending,,
10,AI Search Optimisation (AEO / GEO),10.1,AI Visibility Baseline,10.1.2,Test queries on Perplexity / Gemini / Claude,Baseline screenshots,"Perplexity / Gemini / Claude",1,Day 71,High,Not Started,,,,0%,,Pending,,
10,AI Search Optimisation (AEO / GEO),10.1,AI Visibility Baseline,10.1.3,Test queries on Google AI Overview / SGE,Baseline screenshots,"Google",0.5,Day 71,High,Not Started,,,,0%,,Pending,,
10,AI Search Optimisation (AEO / GEO),10.1,AI Visibility Baseline,10.1.4,Document citation sources currently used by AI,Citation map,"Google Doc",1,Day 71,High,Not Started,,,,0%,,Pending,,
10,AI Search Optimisation (AEO / GEO),10.2,Citability Optimisation,10.2.1,Add 134-167 word "answer blocks" to top pages,Blocks live,"CMS",3,Day 72-73,High,Not Started,,,,0%,,Pending,,
10,AI Search Optimisation (AEO / GEO),10.2,Citability Optimisation,10.2.2,Add stat-rich / fact-rich self-contained passages,Blocks live,"CMS",2,Day 73,High,Not Started,,,,0%,,Pending,,
10,AI Search Optimisation (AEO / GEO),10.2,Citability Optimisation,10.2.3,Restructure FAQs as Q -> direct answer -> support,FAQs updated,"CMS",2,Day 73,High,Not Started,,,,0%,,Pending,,
10,AI Search Optimisation (AEO / GEO),10.2,Citability Optimisation,10.2.4,Add author bylines / pub dates / source citations,Bylines live,"CMS",1,Day 73,High,Not Started,,,,0%,,Pending,,
10,AI Search Optimisation (AEO / GEO),10.3,llms.txt & AI Crawlers,10.3.1,Author llms.txt with site overview & cite-friendly URLs,llms.txt live,"CMS / FTP",1,Day 74,High,Not Started,,,,0%,,Pending,,
10,AI Search Optimisation (AEO / GEO),10.3,llms.txt & AI Crawlers,10.3.2,Allow GPTBot / ClaudeBot / PerplexityBot / Google-Extended in robots.txt,robots.txt updated,"CMS",0.5,Day 74,High,Not Started,,,,0%,,Pending,,
10,AI Search Optimisation (AEO / GEO),10.3,llms.txt & AI Crawlers,10.3.3,Verify AI crawler hits in server logs,Log report,"Server logs",1,Day 74,Medium,Not Started,,,,0%,,Pending,,
10,AI Search Optimisation (AEO / GEO),10.4,Entity & Knowledge Graph,10.4.1,Add sameAs links (LinkedIn / Crunchbase / Wikidata / social),Schema updated,"CMS",1,Day 74,High,Not Started,,,,0%,,Pending,,
10,AI Search Optimisation (AEO / GEO),10.4,Entity & Knowledge Graph,10.4.2,Submit Wikidata entry for the brand,Wikidata entry,"Wikidata",2,Day 75,Medium,Not Started,,,,0%,,Pending,,
10,AI Search Optimisation (AEO / GEO),10.4,Entity & Knowledge Graph,10.4.3,Build Crunchbase profile,Profile live,"Crunchbase",1,Day 75,Medium,Not Started,,,,0%,,Pending,,
10,AI Search Optimisation (AEO / GEO),10.4,Entity & Knowledge Graph,10.4.4,Aim for Wikipedia mention (where notable),Mention live,"Wikipedia",4,Day 75-90,Low,Not Started,,,,0%,,Pending,,
10,AI Search Optimisation (AEO / GEO),10.5,E-E-A-T Signals,10.5.1,Publish detailed author bio pages,Bio pages live,"CMS",2,Day 75,High,Not Started,,,,0%,,Pending,,
10,AI Search Optimisation (AEO / GEO),10.5,E-E-A-T Signals,10.5.2,Add credentials / certifications / awards to About,Block live,"CMS",1,Day 75,High,Not Started,,,,0%,,Pending,,
10,AI Search Optimisation (AEO / GEO),10.5,E-E-A-T Signals,10.5.3,Add editorial / fact-check / correction policy pages,Policies live,"CMS",1,Day 76,Medium,Not Started,,,,0%,,Pending,,
10,AI Search Optimisation (AEO / GEO),10.5,E-E-A-T Signals,10.5.4,Add verifiable case-study results,Case studies live,"CMS",2,Day 76,Medium,Not Started,,,,0%,,Pending,,
10,AI Search Optimisation (AEO / GEO),10.6,AI Tracking,10.6.1,Build monthly AI-mentions tracker (per engine / per query),Tracker live,"Google Sheet",1,Day 76,High,Not Started,,,,0%,,Pending,,
10,AI Search Optimisation (AEO / GEO),10.6,AI Tracking,10.6.2,Set up share-of-voice tracking on AI engines,Tracker live,"Profound / Otterly / SEMrush AI",1,Day 76,Medium,Not Started,,,,0%,,Pending,,
11,Google Ads & Paid Search,11.1,Account & Tracking,11.1.1,Create / claim Google Ads account & link GA4 / GMB,Accounts linked,"Google Ads",0.5,Day 77,High,Not Started,,,,0%,,Pending,,
11,Google Ads & Paid Search,11.1,Account & Tracking,11.1.2,Configure conversion actions (call / form / chat / booking),Conversions live,"Google Ads",1.5,Day 77,High,Not Started,,,,0%,,Pending,,
11,Google Ads & Paid Search,11.1,Account & Tracking,11.1.3,Configure offline conversion import (CRM closed-won),Import live,"Zapier / GA4",2,Day 77,Medium,Not Started,,,,0%,,Pending,,
11,Google Ads & Paid Search,11.1,Account & Tracking,11.1.4,Set up enhanced conversions,Setting live,"Google Ads",0.5,Day 77,High,Not Started,,,,0%,,Pending,,
11,Google Ads & Paid Search,11.2,Search Campaigns,11.2.1,Build branded search campaign,Campaign live,"Google Ads",1.5,Day 78,High,Not Started,,,,0%,,Pending,,
11,Google Ads & Paid Search,11.2,Search Campaigns,11.2.2,Build core service search campaign,Campaign live,"Google Ads",2,Day 78,High,Not Started,,,,0%,,Pending,,
11,Google Ads & Paid Search,11.2,Search Campaigns,11.2.3,Build competitor search campaign (cautious),Campaign live,"Google Ads",1,Day 78,Medium,Not Started,,,,0%,,Pending,,
11,Google Ads & Paid Search,11.2,Search Campaigns,11.2.4,Write 4 RSAs per ad group with all extensions,Ads live,"Google Ads",2,Day 78,High,Not Started,,,,0%,,Pending,,
11,Google Ads & Paid Search,11.2,Search Campaigns,11.2.5,Build negative-keyword master list,Negative list live,"Google Ads",1,Day 78,High,Not Started,,,,0%,,Pending,,
11,Google Ads & Paid Search,11.3,Local Services Ads,11.3.1,Eligibility check & document upload (license / insurance),LSA submitted,"Local Services Ads",1.5,Day 79,Medium,Not Started,,,,0%,,Pending,,
11,Google Ads & Paid Search,11.3,Local Services Ads,11.3.2,Configure budget / bid / lead types,LSA live,"Local Services Ads",1,Day 79,Medium,Not Started,,,,0%,,Pending,,
11,Google Ads & Paid Search,11.4,Performance Max,11.4.1,Build asset group (15 headlines / 5 descriptions / 20 images / 1+ videos),Assets ready,"Canva / CapCut",3,Day 79,High,Not Started,,,,0%,,Pending,,
11,Google Ads & Paid Search,11.4,Performance Max,11.4.2,Configure audience signals & geographic targeting,PMax live,"Google Ads",1,Day 80,High,Not Started,,,,0%,,Pending,,
11,Google Ads & Paid Search,11.5,Retargeting,11.5.1,Install Google Ads tag for remarketing audiences,Tag live,"GTM",0.5,Day 80,High,Not Started,,,,0%,,Pending,,
11,Google Ads & Paid Search,11.5,Retargeting,11.5.2,Build remarketing audiences (visitors / cart / form-abandon),Audiences live,"Google Ads",1,Day 80,High,Not Started,,,,0%,,Pending,,
11,Google Ads & Paid Search,11.5,Retargeting,11.5.3,Build retargeting display / video campaign,Campaign live,"Google Ads",2,Day 80,High,Not Started,,,,0%,,Pending,,
11,Google Ads & Paid Search,11.6,Landing Pages,11.6.1,Build dedicated PPC landing pages per service,Pages live,"Unbounce / CMS",4,Day 80-82,High,Not Started,,,,0%,,Pending,,
11,Google Ads & Paid Search,11.6,Landing Pages,11.6.2,A/B test headline / hero / CTA,Test report,"Google Optimize alt / VWO",2,Ongoing,Medium,Not Started,,,,0%,,Pending,,
11,Google Ads & Paid Search,11.7,Optimisation,11.7.1,Daily budget pacing & spend check (15 min / day),Daily log,"Google Ads",2.5,Ongoing,High,Not Started,,,,0%,,Pending,,
11,Google Ads & Paid Search,11.7,Optimisation,11.7.2,Weekly search-term review & negative-keyword update,Weekly log,"Google Ads",1,Weekly,High,Not Started,,,,0%,,Pending,,
11,Google Ads & Paid Search,11.7,Optimisation,11.7.3,Weekly bid / budget reallocation to top performers,Weekly log,"Google Ads",1,Weekly,High,Not Started,,,,0%,,Pending,,
11,Google Ads & Paid Search,11.7,Optimisation,11.7.4,Monthly creative refresh (new RSAs / images / videos),Refresh log,"Google Ads / Canva",2,Monthly,Medium,Not Started,,,,0%,,Pending,,
12,Social Media & Outreach,12.1,Channel Setup,12.1.1,Create / optimise Instagram Business profile,Profile live,"Instagram",0.5,Day 83,High,Not Started,,,,0%,,Pending,,
12,Social Media & Outreach,12.1,Channel Setup,12.1.2,Create / optimise Facebook Business page,Profile live,"Facebook",0.5,Day 83,High,Not Started,,,,0%,,Pending,,
12,Social Media & Outreach,12.1,Channel Setup,12.1.3,Create / optimise LinkedIn company page,Profile live,"LinkedIn",0.5,Day 83,High,Not Started,,,,0%,,Pending,,
12,Social Media & Outreach,12.1,Channel Setup,12.1.4,Create / optimise YouTube channel,Channel live,"YouTube",0.5,Day 83,Medium,Not Started,,,,0%,,Pending,,
12,Social Media & Outreach,12.1,Channel Setup,12.1.5,Create / optimise TikTok business account,Profile live,"TikTok",0.5,Day 83,Medium,Not Started,,,,0%,,Pending,,
12,Social Media & Outreach,12.1,Channel Setup,12.1.6,Create / optimise Pinterest business account (where relevant),Profile live,"Pinterest",0.5,Day 83,Low,Not Started,,,,0%,,Pending,,
12,Social Media & Outreach,12.1,Channel Setup,12.1.7,Install Meta / TikTok / LinkedIn pixels via GTM,Pixels live,"GTM",1,Day 83,High,Not Started,,,,0%,,Pending,,
12,Social Media & Outreach,12.2,Content Engine,12.2.1,Build 30-day social content calendar,Calendar live,"Notion / Trello",2,Day 84,High,Not Started,,,,0%,,Pending,,
12,Social Media & Outreach,12.2,Content Engine,12.2.2,Repurpose blog -> carousels / Reels / Shorts / threads,Repurpose log,"Canva / CapCut",4,Ongoing,High,Not Started,,,,0%,,Pending,,
12,Social Media & Outreach,12.2,Content Engine,12.2.3,Schedule posts via Buffer / Later / Publer,Schedule live,"Buffer",1,Weekly,High,Not Started,,,,0%,,Pending,,
12,Social Media & Outreach,12.3,Engagement & UGC,12.3.1,Daily community management & DM replies,Engagement log,"Native apps",2.5,Daily,High,Not Started,,,,0%,,Pending,,
12,Social Media & Outreach,12.3,Engagement & UGC,12.3.2,Run UGC / hashtag campaign,Campaign live,"Native apps",4,Quarterly,Medium,Not Started,,,,0%,,Pending,,
12,Social Media & Outreach,12.3,Engagement & UGC,12.3.3,Repost customer testimonials / reviews,Reposts live,"Native apps",1,Weekly,Medium,Not Started,,,,0%,,Pending,,
12,Social Media & Outreach,12.4,Influencer & Partnerships,12.4.1,Identify 5-10 micro-influencers in niche,Influencer list,"Modash / manual",2,Day 85,Medium,Not Started,,,,0%,,Pending,,
12,Social Media & Outreach,12.4,Influencer & Partnerships,12.4.2,Outreach + brief + content collaboration,Collab log,"Email",4,Day 85-100,Medium,Not Started,,,,0%,,Pending,,
13,Email Marketing & Lead Nurture,13.1,Foundations,13.1.1,Choose ESP (Mailchimp / Klaviyo / Brevo / ActiveCampaign),ESP live,"ESP",0.5,Day 90,High,Not Started,,,,0%,,Pending,,
13,Email Marketing & Lead Nurture,13.1,Foundations,13.1.2,Configure DKIM / SPF / DMARC,Auth pass,"DNS",1,Day 90,High,Not Started,,,,0%,,Pending,,
13,Email Marketing & Lead Nurture,13.1,Foundations,13.1.3,Build branded email templates,Templates live,"ESP",2,Day 90,High,Not Started,,,,0%,,Pending,,
13,Email Marketing & Lead Nurture,13.2,Lead Capture,13.2.1,Build lead magnet (guide / checklist / quote calc),Magnet live,"Canva / CMS",3,Day 91,High,Not Started,,,,0%,,Pending,,
13,Email Marketing & Lead Nurture,13.2,Lead Capture,13.2.2,Add opt-in forms (footer / inline / popup / exit),Forms live,"ESP / OptinMonster",1.5,Day 91,High,Not Started,,,,0%,,Pending,,
13,Email Marketing & Lead Nurture,13.2,Lead Capture,13.2.3,Add WhatsApp / SMS opt-in,Opt-in live,"WATI",1,Day 91,Medium,Not Started,,,,0%,,Pending,,
13,Email Marketing & Lead Nurture,13.3,Automations,13.3.1,Build welcome sequence (5-7 emails),Sequence live,"ESP",3,Day 92,High,Not Started,,,,0%,,Pending,,
13,Email Marketing & Lead Nurture,13.3,Automations,13.3.1,Build abandoned-form / abandoned-cart sequence,Sequence live,"ESP",2,Day 92,High,Not Started,,,,0%,,Pending,,
13,Email Marketing & Lead Nurture,13.3,Automations,13.3.3,Build post-purchase / post-service review-request sequence,Sequence live,"ESP",2,Day 92,High,Not Started,,,,0%,,Pending,,
13,Email Marketing & Lead Nurture,13.3,Automations,13.3.4,Build re-engagement / win-back sequence,Sequence live,"ESP",2,Day 93,Medium,Not Started,,,,0%,,Pending,,
13,Email Marketing & Lead Nurture,13.4,Newsletter,13.4.1,Set monthly newsletter cadence,Calendar live,"ESP",0.5,Day 93,Medium,Not Started,,,,0%,,Pending,,
13,Email Marketing & Lead Nurture,13.4,Newsletter,13.4.2,Send first newsletter,Send report,"ESP",1,Day 93,Medium,Not Started,,,,0%,,Pending,,
14,CRO & Conversion Optimisation,14.1,Baseline,14.1.1,Measure baseline conversion rate (per source / page),Baseline report,"GA4",1,Day 95,High,Not Started,,,,0%,,Pending,,
14,CRO & Conversion Optimisation,14.1,Baseline,14.1.2,Set up funnel reports & drop-off analysis,Reports live,"GA4 / Clarity",1,Day 95,High,Not Started,,,,0%,,Pending,,
14,CRO & Conversion Optimisation,14.2,UX Audit,14.2.1,Run heatmap / session-replay review,UX report,"Microsoft Clarity",1,Day 95,High,Not Started,,,,0%,,Pending,,
14,CRO & Conversion Optimisation,14.2,UX Audit,14.2.2,Test forms / CTAs / sticky elements on mobile,UX report,"BrowserStack",1,Day 95,High,Not Started,,,,0%,,Pending,,
14,CRO & Conversion Optimisation,14.3,Experiments,14.3.1,A/B test hero & main CTA,Test report,"VWO",2,Ongoing,High,Not Started,,,,0%,,Pending,,
14,CRO & Conversion Optimisation,14.3,Experiments,14.3.2,Test forms (length / fields / multi-step),Test report,"VWO",2,Ongoing,High,Not Started,,,,0%,,Pending,,
14,CRO & Conversion Optimisation,14.3,Experiments,14.3.3,Test trust signals (badges / testimonials / guarantees),Test report,"VWO",2,Ongoing,Medium,Not Started,,,,0%,,Pending,,
15,Reputation & Reviews,15.1,Review Acquisition,15.1.1,Automate Google review request post-job (email + SMS),Automation live,"NiceJob",1.5,Day 100,High,Not Started,,,,0%,,Pending,,
15,Reputation & Reviews,15.1,Review Acquisition,15.1.2,Print QR-code review cards / counter-cards,Cards delivered,"Canva / Vistaprint",1,Day 100,Medium,Not Started,,,,0%,,Pending,,
15,Reputation & Reviews,15.1,Review Acquisition,15.1.3,Train staff on review-asking script,Training done,"Doc",1,Day 100,Medium,Not Started,,,,0%,,Pending,,
15,Reputation & Reviews,15.2,Review Management,15.2.1,Reply to every review within 24-48h,Response log,"GMB",2.5,Daily,High,Not Started,,,,0%,,Pending,,
15,Reputation & Reviews,15.2,Review Management,15.2.2,Flag / report fake / spam reviews,Flag log,"GMB",0.5,Weekly,High,Not Started,,,,0%,,Pending,,
15,Reputation & Reviews,15.2,Review Management,15.2.3,Repost top reviews to website + social,Repost log,"CMS / Buffer",1,Weekly,Medium,Not Started,,,,0%,,Pending,,
16,Analytics / Reporting / Client Comms,16.1,Dashboards,16.1.1,Build Looker Studio master dashboard (organic / paid / GMB / leads / AI),Dashboard live,"Looker Studio",4,Day 110,High,Not Started,,,,0%,,Pending,,
16,Analytics / Reporting / Client Comms,16.1,Dashboards,16.1.2,Connect GA4 / GSC / Google Ads / Sheets data sources,Sources live,"Looker Studio",1,Day 110,High,Not Started,,,,0%,,Pending,,
16,Analytics / Reporting / Client Comms,16.1,Dashboards,16.1.3,Set rank-tracking for 30-50 priority KWs,Tracker live,"Ahrefs / SE Ranking",1,Day 110,High,Not Started,,,,0%,,Pending,,
16,Analytics / Reporting / Client Comms,16.1,Dashboards,16.1.4,Set local-pack tracking (Local Falcon / GeoGrid),Tracker live,"Local Falcon",1,Day 110,High,Not Started,,,,0%,,Pending,,
16,Analytics / Reporting / Client Comms,16.2,Reporting Cadence,16.2.1,Weekly status update (5 bullets) sent to client,Email sent,"Email",0.5,Weekly,High,Not Started,,,,0%,,Pending,,
16,Analytics / Reporting / Client Comms,16.2,Reporting Cadence,16.2.2,Monthly performance report (PDF + Loom walkthrough),Report sent,"Looker Studio / Loom",3,Monthly,High,Not Started,,,,0%,,Pending,,
16,Analytics / Reporting / Client Comms,16.2,Reporting Cadence,16.2.3,Quarterly business review (QBR) deck + meeting,QBR deck,"Slides",4,Quarterly,High,Not Started,,,,0%,,Pending,,
16,Analytics / Reporting / Client Comms,16.2,Reporting Cadence,16.2.4,Annual strategy & roadmap deck,Annual deck,"Slides",6,Annual,High,Not Started,,,,0%,,Pending,,
16,Analytics / Reporting / Client Comms,16.3,Client Comms,16.3.1,Maintain shared change-log of every action,Change-log live,"Sheet / Notion",0.5,Weekly,High,Not Started,,,,0%,,Pending,,
16,Analytics / Reporting / Client Comms,16.3,Client Comms,16.3.2,Send before/after screenshots for each completed task,Proof folder,"Drive",1,Weekly,High,Not Started,,,,0%,,Pending,,
17,Ongoing Optimisation & Maintenance,17.1,Monthly Tasks,17.1.1,Publish 4-8 blog posts per month,Posts live,"CMS",16,Monthly,High,Not Started,,,,0%,,Pending,,
17,Ongoing Optimisation & Maintenance,17.1,Monthly Tasks,17.1.2,Refresh 3-5 underperforming pages per month,Refresh log,"CMS",6,Monthly,High,Not Started,,,,0%,,Pending,,
17,Ongoing Optimisation & Maintenance,17.1,Monthly Tasks,17.1.3,Build 5-10 new local / topical backlinks per month,Backlink log,"Pitchbox",8,Monthly,High,Not Started,,,,0%,,Pending,,
17,Ongoing Optimisation & Maintenance,17.1,Monthly Tasks,17.1.4,Add 5-10 new GMB photos & 8 GMB posts per month,GMB log,"GMB",2,Monthly,High,Not Started,,,,0%,,Pending,,
17,Ongoing Optimisation & Maintenance,17.1,Monthly Tasks,17.1.5,Generate 20+ new Google reviews per month,Review log,"NiceJob",2,Monthly,High,Not Started,,,,0%,,Pending,,
17,Ongoing Optimisation & Maintenance,17.1,Monthly Tasks,17.1.6,Re-test Core Web Vitals & fix regressions,CWV report,"PageSpeed",1,Monthly,High,Not Started,,,,0%,,Pending,,
17,Ongoing Optimisation & Maintenance,17.1,Monthly Tasks,17.1.7,Re-test AI search visibility on 4-5 engines,AI report,"ChatGPT / Perplexity / Gemini",1,Monthly,High,Not Started,,,,0%,,Pending,,
17,Ongoing Optimisation & Maintenance,17.2,Quarterly Tasks,17.2.1,Full SEO audit (technical / content / off-page),Audit report,"Screaming Frog / Ahrefs",6,Quarterly,High,Not Started,,,,0%,,Pending,,
17,Ongoing Optimisation & Maintenance,17.2,Quarterly Tasks,17.2.2,Refresh keyword strategy (new clusters / decommission losers),Strategy doc,"Ahrefs",4,Quarterly,High,Not Started,,,,0%,,Pending,,
17,Ongoing Optimisation & Maintenance,17.2,Quarterly Tasks,17.2.3,Algorithm-update review & response,Response doc,"Search Engine Land",2,Quarterly,High,Not Started,,,,0%,,Pending,,
17,Ongoing Optimisation & Maintenance,17.3,Annual Tasks,17.3.1,Annual content audit & prune low-value pages,Prune log,"Ahrefs",6,Annual,High,Not Started,,,,0%,,Pending,,
17,Ongoing Optimisation & Maintenance,17.3,Annual Tasks,17.3.2,Annual schema / structured-data refresh,Refresh log,"Schema.org",2,Annual,Medium,Not Started,,,,0%,,Pending,,
17,Ongoing Optimisation & Maintenance,17.3,Annual Tasks,17.3.3,Annual budget & roadmap planning,Roadmap doc,"Slides",6,Annual,High,Not Started,,,,0%,,Pending,,
